id,created,updated,dependents,fnmemberId,spouse_fname,spouse_lname
cmdpogdoh3sx013m4o5rqsgxj,2025-03-20,2025-04-10,0,cmdpogdn4350013m4la3iqm4i,John,Wigglebottom
cmdpogdoh3sy013m4cczu05pp,2025-03-20,2025-04-10,2,cmdpogdn4340013m4jmhyge81,Mary,Manyfingers
cmdpogdoh3sz013m4fword6dw,2025-03-20,2025-04-10,3,cmdpogdn4330013m4056fi2mj,John,Wigglebottom
cmdpogdoh3t0013m4t5fetv6c,2025-03-20,2025-04-10,4,cmdpogdn4320013m49eo5zuys,Mary,Manyfingers
cmdpogdoh3t1013m4jd23jrwl,2025-03-20,2025-04-10,0,cmdpogdn4310013m4pdr0mtxd,John,Wigglebottom
cmdpogdoh3t2013m4uh21a1dh,2025-03-20,2025-04-10,2,cmdpogdn4300013m4wfqv4zjd,Mary,Manyfingers
cmdpogdoh3t3013m46ml8c5gb,2025-03-20,2025-04-10,3,cmdpogdn42z0013m45x9lzbrx,John,Wigglebottom
cmdpogdoh3t4013m4hn3klpks,2025-03-20,2025-04-10,4,cmdpogdn42y0013m4yi9rfjyr,Mary,Manyfingers
cmdpogdoh3t5013m4pfaoesv9,2025-03-20,2025-04-10,0,cmdpogdn42x0013m4r7p8zhia,John,Wigglebottom
cmdpogdoh3t6013m4wpl8jbsj,2025-03-20,2025-04-10,2,cmdpogdn42w0013m449g5bvjl,Mary,Manyfingers
cmdpogdoh3t7013m4bblni4dw,2025-03-20,2025-04-10,3,cmdpogdn42v0013m49bebo0jf,John,Wigglebottom
cmdpogdoh3t8013m4eo50fxr6,2025-03-20,2025-04-10,4,cmdpogdn42u0013m4trdvb5o4,Mary,Manyfingers
cmdpogdoh3t9013m4n16co6p6,2025-03-20,2025-04-10,0,cmdpogdn42t0013m4j8np05x5,John,Wigglebottom
cmdpogdoh3ta013m4kmbkkmer,2025-03-20,2025-04-10,2,cmdpogdn42s0013m4cei0t8t3,Mary,Manyfingers
cmdpogdoh3tb013m4wufax6v0,2025-03-20,2025-04-10,3,cmdpogdn42r0013m4901cduz6,John,Wigglebottom
cmdpogdoh3tc013m4gr8ojpb3,2025-03-20,2025-04-10,4,cmdpogdn42q0013m42bzl4ng6,Mary,Manyfingers
cmdpogdoh3td013m4c9lzcrso,2025-03-20,2025-04-10,0,cmdpogdn42p0013m4j0v8pw8t,John,Wigglebottom
cmdpogdoh3te013m4419ckdp4,2025-03-20,2025-04-10,2,cmdpogdn32o0013m49he85b6q,Mary,Manyfingers
cmdpogdoh3tf013m49qee21cu,2025-03-20,2025-04-10,3,cmdpogdn32n0013m4rngmz3zq,John,Wigglebottom
cmdpogdoh3tg013m4jbgq510j,2025-03-20,2025-04-10,4,cmdpogdn32m0013m4xtll1u03,Mary,Manyfingers
cmdpogdoh3th013m4gox3tukh,2025-03-20,2025-04-10,0,cmdpogdn32l0013m4raut7q0o,John,Wigglebottom
cmdpogdoh3ti013m41yhfuchq,2025-03-20,2025-04-10,2,cmdpogdn32k0013m4vhzyv835,Mary,Manyfingers
cmdpogdoh3tj013m4ffhjmkhp,2025-03-20,2025-04-10,3,cmdpogdn32j0013m42i8xtifv,John,Wigglebottom
cmdpogdoh3tk013m4ldsvnf7f,2025-03-20,2025-04-10,4,cmdpogdn32i0013m4v4iydj1e,Mary,Manyfingers
cmdpogdoh3tl013m4x4ijflyi,2025-03-20,2025-04-10,0,cmdpogdn32h0013m47db9cscl,John,Wigglebottom
cmdpogdoh3tm013m4enqc3x7j,2025-03-20,2025-04-10,2,cmdpogdn32g0013m4d0h2w6k0,Mary,Manyfingers
cmdpogdoh3tn013m4iogq6heo,2025-03-20,2025-04-10,3,cmdpogdn32f0013m4sk19ezm2,John,Wigglebottom
cmdpogdoh3to013m4jgyahg9r,2025-03-20,2025-04-10,4,cmdpogdn32e0013m4me43b11r,Mary,Manyfingers
cmdpogdoh3tp013m44vb26ccm,2025-03-20,2025-04-10,0,cmdpogdn32d0013m42mrbyawo,John,Wigglebottom
cmdpogdoh3tq013m4wig3w0j7,2025-03-20,2025-04-10,2,cmdpogdn32c0013m4nco69tk0,Mary,Manyfingers
cmdpogdoh3tr013m4neytwrwh,2025-03-20,2025-04-10,3,cmdpogdn32b0013m4gmkh4q38,John,Wigglebottom
cmdpogdoh3ts013m4zyfruk21,2025-03-20,2025-04-10,4,cmdpogdn32a0013m4aed62wqa,Mary,Manyfingers
cmdpogdoh3tt013m49bsg1k50,2025-03-20,2025-04-10,0,cmdpogdn3290013m4i89hwukn,John,Wigglebottom
cmdpogdoh3tu013m49xdauxwk,2025-03-20,2025-04-10,2,cmdpogdn3280013m499zteiwl,Mary,Manyfingers
cmdpogdoh3tv013m4ndfflewu,2025-03-20,2025-04-10,3,cmdpogdn3270013m4xe1ojhhy,John,Wigglebottom
cmdpogdoh3tw013m4s0z17wvu,2025-03-20,2025-04-10,4,cmdpogdn3260013m4gkv7jipk,Mary,Manyfingers
cmdpogdoh3tx013m4upnvrivo,2025-03-20,2025-04-10,0,cmdpogdn3250013m4v5ms13hz,John,Wigglebottom
cmdpogdoh3ty013m4s3lkcdnj,2025-03-20,2025-04-10,2,cmdpogdn3240013m41vweq2dv,Mary,Manyfingers
cmdpogdoh3tz013m4euqrdzhm,2025-03-20,2025-04-10,3,cmdpogdn3230013m4q06buj6z,John,Wigglebottom
cmdpogdoh3u0013m4i8emssvt,2025-03-20,2025-04-10,4,cmdpogdn3220013m4v5s5lo55,Mary,Manyfingers
cmdpogdoh3u1013m482aww2u4,2025-03-20,2025-04-10,0,cmdpogdn3210013m4fymcgn2o,John,Wigglebottom
cmdpogdoh3u2013m47mg62f14,2025-03-20,2025-04-10,2,cmdpogdn3200013m4dv8l4su0,Mary,Manyfingers
cmdpogdoh3u3013m4vzx8zzqo,2025-03-20,2025-04-10,3,cmdpogdn31z0013m4qkn0wxsw,John,Wigglebottom
cmdpogdoh3u4013m4dfylmzkz,2025-03-20,2025-04-10,4,cmdpogdn31y0013m4ifzjim92,Mary,Manyfingers
cmdpogdoh3u5013m42ivvlt4u,2025-03-20,2025-04-10,0,cmdpogdn31x0013m43p2bv337,John,Wigglebottom
cmdpogdoh3u6013m4gxrqv329,2025-03-20,2025-04-10,2,cmdpogdn31w0013m42u45eyla,Mary,Manyfingers
cmdpogdoh3u7013m47fpfv4b2,2025-03-20,2025-04-10,3,cmdpogdn31v0013m4tyg063o6,John,Wigglebottom
cmdpogdoh3u8013m4ryk0u93h,2025-03-20,2025-04-10,4,cmdpogdn31u0013m4qnqviq89,Mary,Manyfingers
cmdpogdoh3u9013m42s9zeh6n,2025-03-20,2025-04-10,0,cmdpogdn31t0013m4rb0kt682,John,Wigglebottom
