id,created,updated,gender,o_r_status,community,address,phone_number,email,image_url,fnmemberid
cmdpogdny2bl013m4j4jbxklr,2025-03-20,2025-04-10,m,offreserve,winnipeg,222 Two Door Terrace,1-584-156-4321,Cedric_Borer@gmail.com,/profileplaceholder.jpg,cmdpogdn4350013m4la3iqm4i
cmdpogdny2bm013m4easwi8fx,2025-03-20,2025-04-10,m,offreserve,winnipeg,222 Two Door Terrace,1-584-123-9876 ,Rasheed.Nicolas25@gmail.com,/profileplaceholder.jpg,cmdpogdn4340013m4jmhyge81
cmdpogdny2bn013m4op0qjg5w,2025-03-20,2025-04-10,m,offreserve,winnipeg,222 Two Door Terrace,1-584-112-7890 ,Grant.Pfannerstill@gmail.com,/profileplaceholder.jpg,cmdpogdn4330013m4056fi2mj
cmdpogdny2bo013m4pijx2fig,2025-03-20,2025-04-10,m,offreserve,winnipeg,222 Two Door Terrace,1-584-190-3456 ,Noemy_Nikolaus@gmail.com,/profileplaceholder.jpg,cmdpogdn4320013m49eo5zuys
cmdpogdny2bp013m460s4xw7i,2025-03-20,2025-04-10,m,offreserve,winnipeg,222 Two Door Terrace,1-584-178-2345 ,Wilfrid.Williamson@gmail.com,/profileplaceholder.jpg,cmdpogdn4310013m4pdr0mtxd
cmdpogdny2bq013m4ykixb1k0,2025-03-20,2025-04-10,f,offreserve,brandon,222 Two Door Terrace,1-584-156-7812 ,Elinore.Padberg95@gmail.com,/profileplaceholder.jpg,cmdpogdn4300013m4wfqv4zjd
cmdpogdny2br013m4dxtht34l,2025-03-20,2025-04-10,f,offreserve,brandon,222 Two Door Terrace,1-584-134-5678 ,Marietta.Von79@gmail.com,/profileplaceholder.jpg,cmdpogdn42z0013m45x9lzbrx
cmdpogdny2bs013m4hwpxs8yy,2025-03-20,2025-04-10,m,offreserve,brandon,222 Two Door Terrace,1-584-167-4567 ,Mathilde44@gmail.com,/profileplaceholder.jpg,cmdpogdn42y0013m4yi9rfjyr
cmdpogdny2bt013m4efcyi9t4,2025-03-20,2025-04-10,f,offreserve,brandon,222 Two Door Terrace,1-584-189-0123 ,Ari.Balistreri@gmail.com,/profileplaceholder.jpg,cmdpogdn42x0013m4r7p8zhia
cmdpogdny2bu013m4fg0wn3hi,2025-03-20,2025-04-10,f,offreserve,brandon,222 Two Door Terrace,1-584-145-1234 ,Betsy_McClure33@gmail.com,/profileplaceholder.jpg,cmdpogdn42w0013m449g5bvjl
cmdpogdny2bv013m4bz3imvp4,2025-03-20,2025-04-10,m,offreserve,brandon,222 Two Door Terrace,1-584-123-7890 ,Braulio.Bayer2@gmail.com,/profileplaceholder.jpg,cmdpogdn42v0013m49bebo0jf
cmdpogdny2bw013m4jmlzj4hu,2025-03-20,2025-04-10,m,offreserve,thompson,222 Two Door Terrace,1-584-167-8901 ,Verdie_Denesik24@gmail.com,/profileplaceholder.jpg,cmdpogdn42u0013m4trdvb5o4
cmdpogdny2bx013m4gvd11c1d,2025-03-20,2025-04-10,m,offreserve,thompson,222 Two Door Terrace,1-584-190-1234 ,Carlo.Leuschke@gmail.com,/profileplaceholder.jpg,cmdpogdn42t0013m4j8np05x5
cmdpogdny2by013m4w78slsjq,2025-03-20,2025-04-10,m,offreserve,thompson,222 Two Door Terrace,1-584-145-6789 ,Stanton_Bernier50@gmail.com,/profileplaceholder.jpg,cmdpogdn42s0013m4cei0t8t3
cmdpogdny2bz013m4mb609fl4,2025-03-20,2025-04-10,m,offreserve,thompson,222 Two Door Terrace,1-584-178-9012 ,Dorcas.Kuphal@gmail.com,/profileplaceholder.jpg,cmdpogdn42r0013m4901cduz6
cmdpogdny2c0013m49i8adpj5,2025-03-20,2025-04-10,m,offreserve,thompson,222 Two Door Terrace,1-584-112-3456 ,Audie.OConnell67@gmail.com,/profileplaceholder.jpg,cmdpogdn42q0013m42bzl4ng6
cmdpogdny2c1013m4op47ppp0,2025-03-20,2025-04-10,f,offreserve,thompson,222 Two Door Terrace,1-584-156-7890 ,Monica_Auer@gmail.com,/profileplaceholder.jpg,cmdpogdn42p0013m4j0v8pw8t
cmdpogdny2c2013m4h34v87en,2025-03-20,2025-04-10,f,offreserve,thompson,222 Two Door Terrace,1-584-123-4567 ,Dana_Roberts98@gmail.com,/profileplaceholder.jpg,cmdpogdn32o0013m49he85b6q
cmdpogdny2c3013m4342rl9uu,2025-03-20,2025-04-10,m,offreserve,thompson,222 Two Door Terrace,1-431-112-7890,Jarrod_Pagac26@gmail.com,/profileplaceholder.jpg,cmdpogdn32n0013m4rngmz3zq
cmdpogdny2c4013m4gkz5wie1,2025-03-20,2025-04-10,m,offreserve,thompson,222 Two Door Terrace,1-431-190-3456 ,Ryder66@gmail.com,/profileplaceholder.jpg,cmdpogdn32m0013m4xtll1u03
cmdpogdny2c5013m49asdg10g,2025-03-20,2025-04-10,f,offreserve,thompson,222 Two Door Terrace,1-431-178-2345 ,Kitty.Leuschke@gmail.com,/profileplaceholder.jpg,cmdpogdn32l0013m4raut7q0o
cmdpogdny2c6013m41szcrtga,2025-03-20,2025-04-10,f,offreserve,thompson,222 Two Door Terrace,1-431-156-7812 ,Marion_Grimes48@gmail.com,/profileplaceholder.jpg,cmdpogdn32k0013m4vhzyv835
cmdpogdny2c7013m4kjl7okyk,2025-03-20,2025-04-10,m,offreserve,thompson,222 Two Door Terrace,1-431-134-5678 ,Gerson.Runolfsson13@gmail.com,/profileplaceholder.jpg,cmdpogdn32j0013m42i8xtifv
cmdpogdny2c8013m4r1xazzsk,2025-03-20,2025-04-10,m,offreserve,thompson,222 Two Door Terrace,1-431-167-4567 ,Henderson_Durgan73@gmail.com,/profileplaceholder.jpg,cmdpogdn32i0013m4v4iydj1e
cmdpogdny2c9013m42qd4zpi3,2025-03-20,2025-04-10,f,offreserve,thompson,222 Two Door Terrace,1-431-189-0123 ,Jaren_Gleason@gmail.com,/profileplaceholder.jpg,cmdpogdn32h0013m47db9cscl
cmdpogdny2ca013m4ay5fj73g,2025-03-20,2025-04-10,f,offreserve,thompson,222 Two Door Terrace,1-431-145-1234 ,Francis89@gmail.com,/profileplaceholder.jpg,cmdpogdn32g0013m4d0h2w6k0
cmdpogdny2cb013m4w7sfu19m,2025-03-20,2025-04-10,f,offreserve,thompson,222 Two Door Terrace,1-431-123-7890 ,Frieda_Sanford@gmail.com,/profileplaceholder.jpg,cmdpogdn32f0013m4sk19ezm2
cmdpogdny2cc013m4gdag6i4h,2025-03-20,2025-04-10,f,offreserve,thompson,222 Two Door Terrace,1-431-167-8901 ,Kelsi.Kub@gmail.com,/profileplaceholder.jpg,cmdpogdn32e0013m4me43b11r
cmdpogdny2cd013m4kcg3vfkk,2025-03-20,2025-04-10,m,offreserve,winnipeg,222 Two Door Terrace,1-431-190-1234 ,Tom.Labadie@gmail.com,/profileplaceholder.jpg,cmdpogdn32d0013m42mrbyawo
cmdpogdny2ce013m4e6jxik0z,2025-03-20,2025-04-10,f,offreserve,winnipeg,222 Two Door Terrace,1-431-145-6789 ,Haleigh.Upton@gmail.com,/profileplaceholder.jpg,cmdpogdn32c0013m4nco69tk0
cmdpogdny2cf013m4v8kdowvg,2025-03-20,2025-04-10,m,offreserve,winnipeg,222 Two Door Terrace,1-431-178-9012 ,Roberto_Cummings@gmail.com,/profileplaceholder.jpg,cmdpogdn32b0013m4gmkh4q38
cmdpogdny2cg013m4cc0jcic8,2025-03-20,2025-04-10,m,offreserve,winnipeg,222 Two Door Terrace,1-431-112-3456 ,Chadrick57@gmail.com,/profileplaceholder.jpg,cmdpogdn32a0013m4aed62wqa
cmdpogdny2ch013m4891lmv1c,2025-03-20,2025-04-10,f,offreserve,winnipeg,222 Two Door Terrace,1-431-156-7890 ,Athena60@gmail.com,/profileplaceholder.jpg,cmdpogdn3290013m4i89hwukn
cmdpogdny2ci013m4ilvuruoa,2025-03-20,2025-04-10,m,offreserve,winnipeg,222 Two Door Terrace,1-431-123-4567 ,Lina.Wunsch23@gmail.com,/profileplaceholder.jpg,cmdpogdn3280013m499zteiwl
cmdpogdny2cj013m4t2u0lhz5,2025-03-20,2025-04-10,m,offreserve,winnipeg,222 Two Door Terrace,1-204-112-7890,Rylan56@gmail.com,/profileplaceholder.jpg,cmdpogdn3270013m4xe1ojhhy
cmdpogdny2ck013m4f5wp7jh2,2025-03-20,2025-04-10,f,onreserve,tataskweyak,222 Two Door Terrace,1-204-190-3456 ,Santina.Hegmann26@gmail.com,/profileplaceholder.jpg,cmdpogdn3260013m4gkv7jipk
cmdpogdny2cl013m4c5aqtecb,2025-03-20,2025-04-10,f,onreserve,tataskweyak,222 Two Door Terrace,1-204-178-2345 ,Juliana.Tremblay@gmail.com,/profileplaceholder.jpg,cmdpogdn3250013m4v5ms13hz
cmdpogdny2cm013m441z2edwp,2025-03-20,2025-04-10,m,onreserve,tataskweyak,222 Two Door Terrace,1-204-156-7812 ,Lina.Stark@gmail.com,/profileplaceholder.jpg,cmdpogdn3240013m41vweq2dv
cmdpogdny2cn013m4honf3usp,2025-03-20,2025-04-10,m,onreserve,tataskweyak,222 Two Door Terrace,1-204-134-5678 ,Adela47@gmail.com,/profileplaceholder.jpg,cmdpogdn3230013m4q06buj6z
cmdpogdny2co013m4z5sxgsxi,2025-03-20,2025-04-10,f,onreserve,tataskweyak,222 Two Door Terrace,1-204-167-4567 ,Dorothea50@gmail.com,/profileplaceholder.jpg,cmdpogdn3220013m4v5s5lo55
cmdpogdny2cp013m4goiivusf,2025-03-20,2025-04-10,m,onreserve,tataskweyak,222 Two Door Terrace,1-204-189-0123 ,Filiberto.Kuhic@gmail.com,/profileplaceholder.jpg,cmdpogdn3210013m4fymcgn2o
cmdpogdny2cq013m4zqrctfd8,2025-03-20,2025-04-10,f,onreserve,tataskweyak,222 Two Door Terrace,1-204-145-1234 ,Laisha70@gmail.com,/profileplaceholder.jpg,cmdpogdn3200013m4dv8l4su0
cmdpogdny2cr013m472qvta1q,2025-03-20,2025-04-10,f,onreserve,tataskweyak,222 Two Door Terrace,1-204-123-7890 ,Pearlie23@gmail.com,/profileplaceholder.jpg,cmdpogdn31z0013m4qkn0wxsw
cmdpogdny2cs013m47br6c1s7,2025-03-20,2025-04-10,f,onreserve,tataskweyak,222 Two Door Terrace,1-204-167-8901 ,Rosemary_Conn@gmail.com,/profileplaceholder.jpg,cmdpogdn31y0013m4ifzjim92
cmdpogdny2ct013m4a89d30tk,2025-03-20,2025-04-10,f,onreserve,tataskweyak,222 Two Door Terrace,1-204-190-1234 ,Devon.Murphy@gmail.com,/profileplaceholder.jpg,cmdpogdn31x0013m43p2bv337
cmdpogdny2cu013m4hp8awjhm,2025-03-20,2025-04-10,m,onreserve,tataskweyak,222 Two Door Terrace,1-204-145-6789 ,Leone223@gmail.com,/profileplaceholder.jpg,cmdpogdn31w0013m42u45eyla
cmdpogdny2cv013m4r3eist2s,2025-03-20,2025-04-10,f,onreserve,tataskweyak,222 Two Door Terrace,1-204-178-9012 ,Maryjane49@gmail.com,/profileplaceholder.jpg,cmdpogdn31v0013m4tyg063o6
cmdpogdny2cw013m4iqyqy2me,2025-03-20,2025-04-10,m,onreserve,tataskweyak,222 Two Door Terrace,1-204-112-3456 ,Edison85@gmail.com,/profileplaceholder.jpg,cmdpogdn31u0013m4qnqviq89
cmdpogdny2cx013m46xgeldjo,2025-03-20,2025-04-10,m,onreserve,tataskweyak,222 Two Door Terrace,1-204-156-7890 ,Randy_Stamm@gmail.com,/profileplaceholder.jpg,cmdpogdn31t0013m4rb0kt682
